filename,file_size,file_attributes,region_count,region_id,region_shape_attributes,region_attributes
usctimit_mri_m3_011_015_0.png,110931,"{}",1,0,"{""name"":""polyline"",""all_points_x"":[81,81,88,102,112,120,126,115,116,124,137,146,158,172,185,198,208,216,222,227,233,235,230,230,228,222,215,218,222,226,231,239,247,252,259,258,256,251,252,249,246,249,254,258,258,260,258,260,260,262,260,260,260,254,216,207,215,238,246,252,255,250,244,244,238,227,209,200,184,170,156,144,131,121,112,98,86,73,62,63],""all_points_y"":[158,144,138,143,153,161,153,143,132,124,115,108,101,100,102,108,117,129,141,151,160,171,183,196,207,218,229,240,252,264,277,289,299,301,301,289,273,252,245,236,225,216,209,204,191,179,162,144,126,106,93,78,78,54,55,70,78,77,86,98,112,119,116,104,90,86,88,84,81,80,84,91,97,106,113,111,112,117,113,101]}","{}"
usctimit_mri_m3_011_015_1.png,111130,"{}",1,0,"{""name"":""polyline"",""all_points_x"":[80,79,88,101,112,118,125,113,119,129,139,150,163,177,190,202,212,219,224,230,236,236,230,230,226,219,215,219,222,227,234,242,250,253,261,259,257,254,250,253,245,246,255,261,257,259,259,259,259,265,263,260,259,229,212,208,224,237,247,251,257,256,249,245,239,227,211,198,187,172,158,146,133,122,114,101,86,72,61,62],""all_points_y"":[159,144,138,143,152,159,153,141,128,123,115,107,102,101,104,110,120,133,146,156,163,172,185,199,212,222,232,243,256,269,281,294,302,302,300,285,271,259,249,239,230,217,213,206,188,175,159,143,129,110,93,77,59,56,67,78,79,74,81,94,108,117,115,103,89,86,89,87,81,81,84,91,97,105,113,112,113,116,112,99]}","{}"
usctimit_mri_m3_011_015_2.png,114296,"{}",1,0,"{""name"":""polyline"",""all_points_x"":[80,76,86,99,108,120,122,114,114,123,134,146,158,172,185,197,209,217,222,226,233,237,231,230,229,224,218,218,222,228,234,240,248,255,258,254,254,251,249,246,248,257,258,259,259,259,259,259,261,263,263,263,257,238,216,204,214,240,250,255,256,253,247,248,243,232,210,198,189,175,161,147,135,123,115,102,84,74,61,61],""all_points_y"":[154,143,136,140,149,157,150,139,128,122,116,110,104,101,101,107,115,126,139,151,162,167,180,194,207,218,229,240,253,265,277,289,298,302,297,278,264,251,239,229,217,211,199,190,175,161,145,131,118,101,85,69,57,56,60,73,79,73,80,93,107,118,115,101,89,84,88,87,81,80,83,87,94,103,111,114,113,117,114,101]}","{}"
usctimit_mri_m3_011_015_3.png,112753,"{}",1,0,"{""name"":""polyline"",""all_points_x"":[79,73,78,93,103,112,122,113,107,112,120,133,147,161,174,188,201,211,217,222,230,235,233,228,228,225,219,215,220,224,229,235,243,251,252,252,251,253,249,247,246,253,262,263,259,260,258,260,259,260,265,260,260,251,225,209,211,221,243,250,259,256,250,245,241,227,212,201,191,178,164,151,138,126,115,104,83,67,59,61],""all_points_y"":[154,144,135,136,145,156,152,145,134,121,116,112,108,104,103,106,113,123,135,148,156,162,172,184,198,212,223,233,245,258,271,283,294,300,297,286,268,254,242,232,222,217,215,202,190,177,161,151,135,122,103,86,70,55,57,67,79,79,73,82,100,105,99,89,81,83,87,87,82,79,81,87,94,102,111,114,113,118,114,102]}","{}"
usctimit_mri_m3_011_015_4.png,107884,"{}",1,0,"{""name"":""polyline"",""all_points_x"":[76,68,75,92,103,112,124,114,106,107,118,132,146,160,174,188,201,211,218,222,229,233,229,227,227,221,215,217,220,224,230,236,245,252,264,261,259,255,251,250,243,245,253,264,261,260,259,258,259,260,262,260,260,234,214,202,216,231,244,253,254,254,250,247,244,239,215,204,192,180,165,152,140,128,115,103,80,66,57,58],""all_points_y"":[155,147,135,133,142,157,153,145,132,118,113,111,109,107,107,109,114,123,135,149,157,163,174,188,201,213,224,236,249,262,274,287,299,307,303,290,279,260,244,232,223,215,213,210,189,173,160,148,132,117,104,84,56,54,57,74,79,73,73,83,93,97,98,94,89,80,87,87,82,79,81,86,93,101,110,111,111,116,113,98]}","{}"
usctimit_mri_m3_011_015_5.png,105354,"{}",1,0,"{""name"":""polyline"",""all_points_x"":[78,71,74,89,100,112,124,119,111,112,117,129,143,157,171,186,200,212,220,223,229,234,232,227,226,220,214,214,218,222,229,235,243,251,258,265,261,258,254,254,254,250,250,255,269,264,258,258,263,262,264,262,264,249,219,206,212,227,242,254,256,257,252,251,245,234,217,206,193,181,167,153,141,128,117,105,93,74,62,56],""all_points_y"":[155,147,136,135,143,158,156,148,136,127,117,114,111,110,109,109,112,119,131,145,156,164,171,185,199,211,223,232,245,259,271,285,298,309,307,301,284,267,254,245,240,231,221,213,209,185,167,151,140,122,95,86,61,50,55,71,78,75,69,80,95,109,113,101,79,81,88,87,83,79,81,85,93,101,111,111,113,111,113,105]}","{}"
usctimit_mri_m3_011_015_6.png,108869,"{}",1,0,"{""name"":""polyline"",""all_points_x"":[78,67,69,84,96,105,112,124,116,111,116,126,139,154,168,182,197,210,220,226,228,234,233,228,226,221,210,213,218,222,227,234,242,248,263,259,257,253,252,249,233,233,237,243,252,266,264,259,259,263,264,263,259,254,228,210,205,215,237,248,253,257,253,245,245,239,217,207,193,180,166,152,139,127,115,97,88,73,61,55],""all_points_y"":[155,147,135,131,138,150,158,154,142,128,119,115,110,109,109,108,109,114,124,136,149,158,170,178,193,205,220,229,241,255,268,281,294,304,301,293,278,264,248,230,233,221,207,199,208,211,189,161,148,127,111,96,85,69,55,60,72,79,69,75,88,101,109,105,89,78,88,87,83,79,80,85,91,101,109,109,115,115,113,103]}","{}"
usctimit_mri_m3_011_015_7.png,109920,"{}",1,0,"{""name"":""polyline"",""all_points_x"":[79,70,69,78,91,101,114,124,120,117,119,122,136,150,164,178,193,207,218,224,228,230,232,229,224,220,208,216,220,222,228,233,240,245,254,263,259,255,254,249,235,233,231,234,247,261,259,258,259,264,263,266,264,259,235,221,203,213,229,247,256,259,257,250,246,232,217,200,189,175,160,146,134,123,111,97,86,71,58,56],""all_points_y"":[155,145,134,127,131,144,158,155,147,133,122,114,112,109,107,106,107,110,118,131,142,155,166,179,192,204,221,228,239,251,264,276,288,299,299,299,284,270,251,230,231,219,209,198,199,203,187,173,156,145,128,112,88,57,55,55,68,79,70,65,82,97,107,106,76,77,85,85,79,77,81,88,96,106,113,111,119,119,116,102]}","{}"
usctimit_mri_m3_011_015_8.png,109463,"{}",1,0,"{""name"":""polyline"",""all_points_x"":[82,71,68,82,94,104,115,124,119,115,116,126,139,152,166,180,195,208,218,225,230,234,235,228,228,222,217,221,224,226,232,239,245,256,264,261,259,253,254,252,237,232,234,243,264,258,258,256,259,262,265,266,263,258,232,204,201,216,240,249,254,256,251,248,242,229,210,198,187,173,158,145,132,122,111,97,85,69,62,57],""all_points_y"":[156,146,134,128,132,145,157,161,150,136,124,117,112,107,103,103,106,111,121,133,144,155,167,180,195,208,221,233,245,258,271,284,295,302,301,291,277,259,244,224,224,214,203,199,207,189,174,159,148,134,117,96,78,53,53,61,77,80,72,81,96,111,115,99,86,82,85,83,79,78,83,91,98,109,115,115,122,123,117,104]}","{}"
usctimit_mri_m3_011_015_9.png,116490,"{}",1,0,"{""name"":""polyline"",""all_points_x"":[78,73,81,96,104,116,125,120,119,124,132,145,158,173,186,200,210,216,219,224,231,231,228,228,224,218,223,219,225,231,237,244,253,256,264,258,253,251,250,240,235,233,237,245,263,258,257,259,260,261,264,262,264,251,226,207,205,223,242,248,251,250,244,245,238,227,209,197,185,171,157,144,131,120,110,96,83,69,61,59],""all_points_y"":[156,144,135,138,150,159,156,141,128,121,116,104,100,98,100,104,113,126,141,153,160,169,181,194,207,221,230,242,257,269,282,294,302,300,301,282,266,247,227,235,226,212,201,195,204,185,169,149,142,132,115,93,69,53,58,65,78,79,80,93,107,122,122,105,93,87,88,87,82,81,84,91,98,107,113,113,121,119,113,100]}","{}"
usctimit_mri_m3_011_015_10.png,111428,"{}",1,0,"{""name"":""polyline"",""all_points_x"":[80,78,86,100,108,121,116,110,111,123,129,137,149,162,176,188,198,203,207,212,219,223,221,225,225,225,223,224,223,225,231,237,243,248,254,261,260,257,257,248,240,235,234,239,249,263,256,256,257,260,263,264,261,255,235,214,201,212,232,242,248,250,246,241,240,232,219,205,191,177,163,151,137,125,115,99,86,73,62,63],""all_points_y"":[157,144,135,141,154,162,153,139,127,119,111,97,90,86,88,94,103,116,129,141,149,156,168,183,197,208,221,233,244,255,268,281,292,303,303,298,285,265,237,225,231,221,207,200,198,205,178,162,149,134,119,101,71,53,53,55,67,81,82,88,102,117,127,123,106,95,88,86,84,81,83,86,93,101,109,111,115,118,112,101]}","{}"
usctimit_mri_m3_011_015_11.png,112805,"{}",1,0,"{""name"":""polyline"",""all_points_x"":[81,79,86,100,111,121,111,110,113,122,132,141,148,166,179,190,198,201,203,208,213,219,220,224,226,225,221,215,219,223,229,233,240,250,256,263,259,258,253,254,241,234,229,233,241,264,263,261,262,261,263,263,264,261,248,234,215,213,225,238,245,249,249,241,240,235,225,209,194,181,165,148,136,127,115,101,86,75,65,65],""all_points_y"":[157,145,135,142,159,153,145,132,121,114,102,94,85,80,87,95,108,123,137,149,161,162,168,179,192,204,216,222,243,249,263,277,290,301,302,301,286,271,254,227,231,225,213,203,197,206,187,173,158,144,125,116,95,57,53,54,56,78,78,84,97,111,127,127,113,103,91,87,86,82,77,80,86,98,108,111,113,115,112,99]}","{}"
usctimit_mri_m3_011_015_12.png,116886,"{}",1,0,"{""name"":""polyline"",""all_points_x"":[79,75,85,99,110,119,129,123,121,128,139,151,164,178,189,196,201,206,210,218,223,221,225,225,221,217,218,219,226,230,237,244,250,256,264,259,254,251,251,234,230,227,232,239,253,263,259,256,261,259,259,262,263,263,245,215,203,204,224,243,248,251,244,242,239,231,218,204,191,177,163,149,137,124,112,99,85,73,63,63],""all_points_y"":[156,144,135,142,159,153,135,129,116,102,93,87,86,90,99,111,124,137,150,158,165,174,186,199,210,223,231,240,256,269,282,294,305,304,300,284,265,251,226,232,223,211,203,195,199,203,183,167,154,139,122,109,95,67,51,56,70,77,79,84,100,123,126,113,101,90,87,86,83,80,82,87,93,100,107,111,111,114,111,97]}","{}"
usctimit_mri_m3_011_015_13.png,119010,"{}",1,0,"{""name"":""polyline"",""all_points_x"":[79,74,82,97,104,114,124,134,128,129,139,151,164,177,192,200,208,215,222,226,230,231,231,229,225,223,223,224,229,234,239,245,249,265,259,254,253,251,244,231,229,233,242,254,264,261,259,261,263,260,265,264,261,243,222,207,212,234,245,251,256,249,243,245,238,229,211,199,188,174,160,147,135,123,114,100,86,73,60,61],""all_points_y"":[155,144,135,138,150,156,146,138,125,110,100,94,92,90,97,110,123,136,149,157,165,176,189,200,213,224,238,250,263,275,289,298,308,303,289,273,255,227,232,226,216,203,198,201,203,182,166,150,137,116,101,85,62,53,54,68,77,78,86,99,113,126,120,109,98,86,87,85,81,80,82,89,95,103,111,113,113,117,113,99]}","{}"
usctimit_mri_m3_011_015_14.png,115006,"{}",1,0,"{""name"":""polyline"",""all_points_x"":[78,73,82,97,104,116,128,145,133,134,145,157,171,185,197,205,215,221,228,235,238,235,230,224,223,220,224,224,228,233,237,247,257,262,260,256,254,253,251,235,234,233,238,251,262,257,260,259,259,259,259,257,258,241,222,205,201,233,244,248,251,248,242,244,239,225,211,199,188,174,160,147,134,123,114,98,87,72,63,61],""all_points_y"":[154,142,134,137,149,154,147,132,123,111,103,96,92,95,101,113,124,140,151,159,167,177,188,204,213,223,236,250,262,274,287,298,305,297,287,272,256,241,228,233,223,210,201,198,202,182,167,156,142,129,110,96,69,57,59,68,76,78,85,99,113,127,125,115,99,86,87,87,81,79,82,89,95,103,113,111,113,116,111,99]}","{}"
usctimit_mri_m3_011_015_15.png,113166,"{}",1,0,"{""name"":""polyline"",""all_points_x"":[79,75,83,97,105,117,129,139,132,137,146,159,172,186,198,209,218,226,232,237,241,237,233,231,228,224,222,225,229,234,241,251,258,267,257,256,251,253,239,233,233,237,245,262,264,261,264,260,261,261,260,262,253,226,204,195,206,236,246,250,252,247,241,243,237,225,211,195,186,171,157,145,132,122,114,99,85,72,62,61],""all_points_y"":[154,141,135,138,150,156,152,142,126,116,109,103,99,98,104,113,124,137,149,159,169,179,191,205,219,230,242,255,268,280,293,303,306,303,285,272,253,230,234,226,213,204,198,205,184,164,153,139,125,113,95,76,56,53,59,72,77,80,90,104,119,127,123,109,99,89,85,88,82,81,84,91,97,106,111,113,115,118,112,99]}","{}"
usctimit_mri_m3_011_015_16.png,114360,"{}",1,0,"{""name"":""polyline"",""all_points_x"":[78,75,85,99,108,121,130,135,133,139,151,163,176,190,202,214,224,231,236,242,245,240,233,232,227,225,224,224,226,231,237,244,249,264,258,255,253,258,247,234,229,232,239,246,261,259,260,260,262,262,264,263,259,241,216,203,204,227,239,247,247,249,241,241,238,227,213,198,187,173,159,146,133,121,110,99,85,72,63,64],""all_points_y"":[156,143,138,142,153,156,152,143,131,122,116,108,103,102,106,113,124,136,149,159,167,178,189,201,210,226,235,247,260,272,285,297,307,302,291,278,264,247,235,233,223,214,207,202,203,189,178,167,153,137,123,105,57,51,55,65,79,81,87,99,113,129,129,115,104,93,87,88,83,82,84,90,96,105,111,111,115,117,112,100]}","{}"
usctimit_mri_m3_011_015_17.png,109744,"{}",1,0,"{""name"":""polyline"",""all_points_x"":[77,79,90,103,113,128,140,143,142,148,158,171,184,198,209,219,229,235,240,245,245,238,234,228,224,222,224,226,230,236,242,249,258,263,257,252,254,253,238,227,229,234,240,260,263,258,260,260,259,264,267,266,263,235,218,201,208,232,241,247,250,248,237,236,237,227,209,199,185,171,157,145,131,121,111,98,84,71,62,61],""all_points_y"":[158,143,141,147,156,157,150,135,126,116,109,103,100,103,112,122,133,145,156,166,176,187,200,212,223,232,243,257,270,282,294,304,307,300,282,266,251,234,236,227,216,207,201,207,191,178,166,151,137,125,112,97,59,52,55,67,78,82,90,104,118,132,133,119,103,91,87,84,81,81,84,89,97,105,112,112,114,115,111,101]}","{}"
usctimit_mri_m3_011_015_18.png,115497,"{}",1,0,"{""name"":""polyline"",""all_points_x"":[77,79,91,105,115,128,137,151,140,144,153,166,179,193,203,213,222,230,237,244,245,238,235,229,223,218,224,225,227,232,239,248,258,267,258,253,253,254,238,232,229,235,239,248,270,263,261,259,261,261,261,265,262,251,215,202,211,225,238,245,249,249,238,234,236,224,208,197,187,172,158,145,132,121,111,98,84,70,59,62],""all_points_y"":[157,143,141,148,158,156,146,136,120,109,102,96,95,101,113,125,135,146,156,166,175,185,198,211,224,229,239,251,265,278,291,302,309,305,287,271,251,235,236,231,223,213,206,204,211,198,181,165,152,137,125,109,85,55,54,71,81,80,86,100,115,132,138,125,104,92,88,89,82,80,83,89,95,104,113,113,115,117,111,98]}","{}"
usctimit_mri_m3_011_015_19.png,119141,"{}",1,0,"{""name"":""polyline"",""all_points_x"":[79,74,79,94,103,113,125,132,140,135,140,150,164,178,190,199,210,221,229,235,243,244,236,232,228,221,221,222,225,229,235,243,247,255,263,253,251,254,249,232,228,232,239,249,264,259,258,257,260,261,260,260,256,241,214,209,221,233,243,248,250,247,238,239,236,228,209,195,184,170,155,143,130,119,108,95,82,73,62,63],""all_points_y"":[154,141,132,134,146,156,153,141,136,117,106,98,93,96,104,116,126,135,146,157,164,173,183,198,212,223,233,245,257,269,282,294,305,304,301,278,262,246,233,230,219,209,202,201,207,184,169,155,141,126,105,89,69,55,56,74,81,82,92,106,119,132,129,117,100,91,87,87,81,80,84,91,98,106,113,113,119,119,111,99]}","{}"
usctimit_mri_m3_011_015_20.png,111448,"{}",1,0,"{""name"":""polyline"",""all_points_x"":[81,73,72,87,97,102,113,126,126,123,130,142,155,169,182,193,204,214,223,230,237,239,235,233,225,226,221,223,227,232,237,245,249,258,266,253,253,251,241,231,228,231,239,261,260,261,258,260,265,263,262,265,261,239,214,204,219,232,241,251,253,244,242,239,229,218,205,191,180,166,152,139,127,118,106,92,81,69,61,64],""all_points_y"":[153,141,130,127,134,147,152,145,133,120,110,102,97,97,102,112,122,133,143,152,162,173,186,200,209,225,235,248,261,273,285,297,305,304,299,274,258,233,235,226,213,202,197,201,185,172,154,140,125,111,97,77,60,51,59,76,81,83,92,105,125,125,114,106,97,88,88,86,81,81,85,91,99,109,110,116,123,122,113,100]}","{}"
usctimit_mri_m3_011_015_21.png,114413,"{}",1,0,"{""name"":""polyline"",""all_points_x"":[81,73,75,89,99,106,117,121,112,112,124,138,151,165,179,192,203,212,220,227,236,239,232,231,227,220,219,223,225,230,236,243,249,257,264,255,251,250,252,237,235,233,239,248,263,264,259,259,262,263,261,259,258,238,219,204,205,224,238,245,249,253,245,242,239,230,215,203,189,175,161,148,135,123,113,98,85,72,63,66],""all_points_y"":[154,142,130,128,138,149,154,149,133,119,114,107,102,101,104,111,120,131,142,153,159,169,182,195,208,219,230,243,256,269,282,293,303,301,296,279,265,250,231,231,221,209,202,200,203,181,164,149,136,118,105,90,58,55,57,66,79,79,83,96,111,124,127,114,105,91,90,85,83,80,83,89,95,103,112,115,118,121,113,98]}","{}"
usctimit_mri_m3_011_015_22.png,111076,"{}",1,0,"{""name"":""polyline"",""all_points_x"":[82,75,84,98,106,111,121,113,106,107,121,134,148,162,176,189,202,213,222,227,236,242,233,230,225,217,218,222,223,228,233,239,250,257,266,259,257,254,252,251,238,233,239,248,265,264,260,260,259,260,261,259,260,253,233,213,205,218,240,248,251,252,245,240,241,231,215,203,192,178,164,151,138,126,116,102,88,74,63,64],""all_points_y"":[153,139,128,131,144,156,151,143,130,117,112,109,105,104,106,110,116,125,135,148,156,164,175,190,204,215,226,237,251,264,277,289,304,300,300,287,272,256,241,227,224,212,203,196,201,186,172,158,142,127,112,98,73,54,52,60,73,80,80,91,105,119,124,120,104,89,88,87,82,79,81,85,93,99,111,113,114,118,112,99]}","{}"
usctimit_mri_m3_011_015_23.png,107629,"{}",1,0,"{""name"":""polyline"",""all_points_x"":[81,75,84,99,106,116,121,110,106,111,126,140,154,168,182,195,208,219,226,232,241,241,231,229,221,214,216,219,223,229,234,241,249,258,269,263,258,253,252,249,240,239,241,252,265,264,261,260,259,260,257,258,257,251,227,211,208,220,241,247,250,251,244,245,241,232,211,201,190,176,162,149,137,125,116,101,88,75,64,64],""all_points_y"":[154,141,134,138,151,160,155,137,122,113,111,108,105,105,106,111,117,126,137,149,156,165,177,193,204,215,226,239,253,266,279,291,302,300,301,286,270,253,241,228,219,206,197,195,203,182,166,152,139,124,110,97,81,56,55,62,75,78,75,90,104,117,120,108,93,85,87,86,80,78,81,86,93,100,109,111,112,115,112,99]}","{}"
usctimit_mri_m3_011_015_24.png,108173,"{}",1,0,"{""name"":""polyline"",""all_points_x"":[80,79,90,102,114,125,117,112,117,128,142,156,169,182,195,207,218,225,231,238,239,235,231,226,220,220,219,221,226,232,237,244,249,256,263,259,255,254,252,252,241,241,245,255,263,261,259,261,259,261,261,261,260,250,229,209,211,222,245,248,250,251,243,244,241,233,213,199,188,174,160,148,136,125,115,103,89,77,63,64],""all_points_y"":[155,141,139,145,160,155,146,131,121,114,110,106,104,106,110,116,123,134,145,154,164,175,189,201,211,222,233,246,259,270,282,292,301,296,294,279,265,252,237,223,216,206,197,195,197,175,159,149,131,121,105,87,67,53,53,59,75,77,79,90,103,115,117,107,95,85,87,86,81,80,82,88,95,102,111,112,111,115,111,100]}","{}"
usctimit_mri_m3_011_015_25.png,108179,"{}",1,0,"{""name"":""polyline"",""all_points_x"":[83,85,101,109,118,124,120,119,130,145,157,170,183,197,209,220,228,234,241,244,237,234,231,225,222,222,222,226,230,236,243,251,253,256,254,252,251,251,239,233,233,237,250,262,258,258,258,261,258,259,258,258,256,236,217,205,213,227,243,249,251,250,242,243,238,229,209,197,187,173,159,147,135,124,113,103,89,79,64,64],""all_points_y"":[154,143,142,150,160,151,139,127,121,117,112,107,107,110,115,122,133,143,153,162,174,187,200,211,221,232,244,256,269,281,292,299,295,288,277,263,248,227,230,220,206,198,195,197,179,166,151,141,126,113,99,87,57,53,56,69,76,73,70,89,102,115,118,105,91,85,87,88,82,81,83,89,95,103,113,113,111,115,112,100]}","{}"
usctimit_mri_m3_011_015_26.png,109931,"{}",1,0,"{""name"":""polyline"",""all_points_x"":[85,86,102,112,117,127,125,122,132,147,159,170,183,196,208,220,228,233,242,246,242,236,234,229,221,224,225,225,229,233,240,249,253,263,257,255,255,255,241,233,236,241,245,261,261,259,259,259,258,260,263,259,258,247,223,207,213,230,242,249,252,251,242,244,243,230,214,202,187,174,160,147,135,123,114,102,88,75,64,64],""all_points_y"":[152,142,143,151,162,155,144,135,128,123,116,110,108,110,115,123,133,144,151,158,171,183,196,208,217,228,239,252,265,276,288,297,297,299,284,271,254,230,235,228,218,209,202,197,181,169,158,147,130,118,99,86,67,53,54,66,80,76,82,93,106,121,124,111,99,87,87,87,83,82,84,90,96,103,112,113,112,116,112,99]}","{}"
usctimit_mri_m3_011_015_27.png,110073,"{}",1,0,"{""name"":""polyline"",""all_points_x"":[86,89,102,113,119,135,124,125,135,149,160,173,186,199,210,220,227,234,240,245,240,235,232,227,220,225,223,227,233,238,245,253,268,265,261,257,257,254,243,236,237,239,249,257,263,259,259,261,262,263,260,262,261,240,215,201,215,234,246,251,254,250,243,246,239,229,211,197,187,172,158,146,134,123,113,101,87,74,65,67],""all_points_y"":[153,141,137,149,161,147,143,132,125,120,115,108,108,111,118,128,138,148,157,165,176,189,205,216,224,234,245,259,273,286,298,308,308,296,278,261,245,231,234,225,217,209,205,204,201,184,169,154,138,122,103,83,54,51,53,70,78,75,82,95,110,125,123,107,95,88,89,88,82,81,84,91,97,105,111,113,113,117,111,100]}","{}"
usctimit_mri_m3_011_015_28.png,117699,"{}",1,0,"{""name"":""polyline"",""all_points_x"":[87,88,97,104,116,125,121,124,135,148,158,170,183,196,206,215,221,227,234,237,234,233,231,225,222,226,226,227,233,240,248,253,263,256,252,250,252,242,239,235,239,244,262,264,261,259,261,262,260,256,257,261,248,221,207,212,222,237,246,251,253,249,244,243,239,231,209,196,186,171,158,146,134,123,110,101,87,75,66,68],""all_points_y"":[154,138,133,138,157,153,136,126,121,115,108,102,103,109,119,130,143,154,163,172,183,195,209,219,229,239,250,263,277,290,301,308,304,287,270,252,235,231,226,219,213,206,206,196,180,166,153,138,125,95,84,74,53,52,65,77,76,78,84,98,112,123,117,104,92,86,86,85,81,80,83,90,96,104,111,113,113,117,112,100]}","{}"
usctimit_mri_m3_011_015_29.png,120629,"{}",1,0,"{""name"":""polyline"",""all_points_x"":[87,84,94,107,114,126,119,114,115,129,141,153,166,180,193,203,210,216,223,231,233,229,229,228,223,220,224,224,229,233,240,245,253,258,254,250,250,254,239,236,231,238,248,256,262,260,259,261,261,259,257,257,249,233,214,207,219,235,246,251,253,250,243,246,238,229,210,201,190,176,162,150,137,125,114,103,89,76,66,68],""all_points_y"":[152,141,131,142,155,148,142,133,124,120,113,105,100,101,108,118,130,143,154,161,169,180,194,209,221,229,240,251,264,277,290,302,299,296,279,266,252,234,241,226,217,208,206,203,189,172,159,143,130,115,102,72,58,57,59,75,77,75,81,94,109,122,120,104,88,84,87,85,83,81,83,89,95,102,111,114,112,117,113,100]}","{}"
usctimit_mri_m3_011_015_30.png,118396,"{}",1,0,"{""name"":""polyline"",""all_points_x"":[81,77,87,99,106,114,120,109,108,114,129,142,155,169,183,195,205,211,219,223,230,228,229,229,225,222,222,223,227,232,239,248,252,266,257,256,252,252,239,237,234,238,246,253,264,261,263,262,264,260,261,258,261,240,222,213,221,234,247,252,254,253,245,248,241,232,217,202,193,179,165,152,140,127,118,105,90,76,63,63],""all_points_y"":[154,140,134,140,152,157,148,134,122,116,114,108,103,101,104,112,119,132,144,159,167,177,188,201,214,225,237,250,263,276,289,300,307,303,288,272,256,232,235,226,216,208,202,204,206,185,170,155,136,118,99,82,62,56,58,71,76,75,78,91,104,116,120,106,94,85,89,89,83,80,81,86,94,100,112,115,112,117,113,101]}","{}"
usctimit_mri_m3_011_015_31.png,114801,"{}",1,0,"{""name"":""polyline"",""all_points_x"":[80,73,80,96,105,113,122,111,104,107,119,132,145,158,173,187,199,209,214,219,225,229,227,229,227,223,220,222,224,228,233,240,250,255,264,259,255,253,255,238,232,231,238,251,265,262,263,262,265,263,263,264,259,238,220,208,208,227,240,249,252,253,248,246,245,236,221,206,195,184,169,155,143,130,119,106,89,75,65,61],""all_points_y"":[155,143,133,131,146,157,150,141,129,117,112,108,103,100,100,104,109,124,138,150,159,164,176,190,203,216,228,240,253,265,278,290,299,300,299,282,267,252,232,232,220,209,200,200,205,188,177,163,150,128,108,82,58,56,57,67,78,75,74,84,98,112,121,110,99,86,87,88,85,79,80,83,91,97,108,113,109,114,111,102]}","{}"
usctimit_mri_m3_011_015_32.png,115820,"{}",1,0,"{""name"":""polyline"",""all_points_x"":[81,72,75,88,99,106,117,114,107,106,117,129,142,157,174,190,203,209,213,218,222,227,226,228,226,220,216,221,222,227,232,240,248,255,261,252,249,245,246,237,230,229,236,249,263,261,260,258,256,255,256,255,254,253,229,208,205,219,239,248,252,255,248,245,245,234,215,203,193,181,167,153,141,128,116,103,88,76,62,61],""all_points_y"":[156,145,133,131,140,153,156,143,131,116,110,103,97,94,96,102,112,126,138,152,159,164,174,189,202,214,225,236,250,263,276,289,301,298,297,281,263,249,237,232,221,208,198,198,202,182,164,148,137,124,111,95,82,55,54,59,78,78,73,83,97,112,123,112,95,83,87,88,84,80,80,85,92,99,108,112,111,115,112,101]}","{}"
usctimit_mri_m3_011_015_33.png,112103,"{}",1,0,"{""name"":""polyline"",""all_points_x"":[84,75,80,89,104,109,117,109,107,111,123,135,148,161,173,189,200,205,209,213,223,228,227,228,224,221,221,222,223,227,232,239,244,246,265,258,255,250,250,248,236,231,237,249,256,265,263,262,262,264,260,260,260,248,224,204,198,210,237,247,252,254,250,244,245,236,216,206,194,180,166,153,140,128,117,104,85,76,64,63],""all_points_y"":[148,139,128,126,140,156,155,141,125,114,108,100,94,90,88,92,104,122,136,149,157,163,174,187,200,212,225,237,250,263,275,288,297,304,300,289,276,260,240,221,223,207,197,197,201,199,182,167,150,131,112,94,56,52,52,62,76,80,73,81,95,109,119,110,96,83,87,87,83,80,81,85,92,99,109,113,110,114,112,101]}","{}"
usctimit_mri_m3_011_015_34.png,116026,"{}",1,0,"{""name"":""polyline"",""all_points_x"":[82,76,86,98,104,114,117,117,116,122,133,145,158,172,185,197,206,210,212,216,225,227,226,228,223,220,220,222,223,228,233,240,246,255,260,255,250,248,249,239,230,229,235,248,262,258,258,259,260,260,260,258,256,258,228,208,207,218,238,248,252,254,249,246,241,234,214,201,194,181,166,152,140,127,117,103,88,75,62,62],""all_points_y"":[153,137,127,131,148,157,149,138,122,112,102,94,88,86,89,95,107,121,136,149,157,163,174,188,202,214,226,238,251,263,276,289,299,299,295,280,266,251,224,231,220,207,197,197,199,178,163,149,134,120,111,99,81,56,54,63,76,78,75,85,98,111,116,107,94,83,87,88,83,79,81,85,92,99,109,113,110,115,113,100]}","{}"
usctimit_mri_m3_011_015_35.png,118860,"{}",1,0,"{""name"":""polyline"",""all_points_x"":[83,77,85,99,107,118,122,116,113,116,125,135,148,161,175,188,200,208,212,216,223,226,225,228,227,223,216,221,220,223,227,233,239,248,255,258,250,248,246,251,245,236,234,245,264,259,256,260,260,261,260,258,257,239,221,208,202,214,235,247,252,253,249,245,244,236,218,201,193,180,166,152,139,126,117,104,86,75,62,62],""all_points_y"":[154,141,134,138,150,157,153,144,129,120,111,101,93,88,87,90,99,111,125,139,150,154,162,176,190,203,218,228,237,249,262,275,287,297,300,290,276,262,249,230,220,217,201,194,200,180,167,148,135,120,108,95,58,53,56,64,75,79,74,82,96,109,117,111,99,83,84,87,84,80,81,86,93,100,112,114,111,117,113,100]}","{}"
usctimit_mri_m3_011_015_36.png,118068,"{}",1,0,"{""name"":""polyline"",""all_points_x"":[82,81,92,104,113,122,115,114,120,130,142,155,169,182,194,204,214,219,227,231,232,230,231,227,222,222,223,225,229,232,237,245,252,265,263,259,254,252,252,239,236,234,243,264,260,258,259,260,260,260,263,262,255,240,208,202,218,232,244,250,253,252,244,241,238,229,214,200,189,175,161,149,136,124,116,101,87,74,62,64],""all_points_y"":[153,140,136,144,155,154,144,132,121,111,102,96,93,94,96,105,122,136,145,154,162,174,189,201,212,223,234,247,260,272,284,295,308,302,292,280,262,245,224,223,216,204,198,200,187,178,167,158,143,125,112,89,54,51,56,74,78,76,83,96,110,123,123,112,96,87,87,87,82,80,82,88,94,101,112,113,112,116,111,97]}","{}"
usctimit_mri_m3_011_015_37.png,118945,"{}",1,0,"{""name"":""polyline"",""all_points_x"":[84,84,96,108,118,123,117,118,125,137,151,164,178,191,201,210,218,224,232,238,235,234,232,227,224,225,225,226,232,237,245,249,264,256,253,248,250,248,235,230,231,237,256,257,257,257,257,259,260,262,258,260,250,225,204,206,220,235,243,248,250,247,240,237,236,223,206,195,185,172,158,145,133,121,114,100,85,73,62,65],""all_points_y"":[153,141,139,148,156,151,139,127,119,111,104,99,98,102,110,122,134,145,155,162,173,187,200,212,222,233,247,259,272,284,295,304,300,288,274,258,245,228,231,221,208,199,199,187,172,158,146,134,122,106,93,74,54,57,63,79,81,83,93,105,118,127,125,117,105,92,87,87,84,82,84,90,95,103,113,113,112,117,110,97]}","{}"
usctimit_mri_m3_011_015_38.png,115357,"{}",1,0,"{""name"":""polyline"",""all_points_x"":[85,86,99,108,115,125,118,114,112,126,140,154,168,182,196,212,219,226,234,238,239,235,233,230,227,223,223,223,227,233,238,247,250,263,258,252,249,253,248,234,229,232,238,250,264,262,258,257,258,260,259,259,259,244,220,206,215,226,237,242,247,247,238,236,232,224,209,198,185,171,157,145,132,121,111,96,84,72,64,67],""all_points_y"":[154,138,134,143,154,154,145,132,119,118,109,104,100,101,105,115,128,138,150,158,165,176,190,203,215,225,237,250,263,275,287,298,305,302,286,272,260,244,228,228,220,209,199,199,205,190,176,162,146,132,114,95,60,52,55,74,81,82,90,103,116,130,130,120,110,97,89,87,83,82,85,91,96,103,112,111,114,114,110,98]}","{}"
usctimit_mri_m3_011_015_39.png,113708,"{}",1,0,"{""name"":""polyline"",""all_points_x"":[84,82,93,105,114,124,125,112,110,122,131,140,152,165,184,198,210,220,224,229,234,236,231,230,226,226,226,226,227,230,236,243,248,260,256,252,250,250,242,234,232,234,237,261,258,260,258,259,259,260,259,264,255,234,214,210,215,222,233,240,246,247,241,238,231,224,212,198,186,172,158,145,132,121,106,93,83,70,62,64],""all_points_y"":[153,140,136,143,154,151,132,124,114,114,116,109,104,100,100,106,113,125,141,152,160,170,182,195,209,222,233,247,260,273,286,298,306,304,290,275,260,237,238,233,222,212,203,204,192,180,168,153,141,130,118,81,54,53,58,72,80,83,92,105,119,133,134,122,112,99,90,86,82,80,83,89,95,103,112,111,115,117,109,96]}","{}"
usctimit_mri_m3_011_015_40.png,115158,"{}",1,0,"{""name"":""polyline"",""all_points_x"":[84,82,93,104,108,119,124,122,113,110,125,133,147,166,183,199,210,220,226,230,232,235,231,229,231,231,226,226,224,227,231,239,250,262,258,254,250,250,248,236,230,232,238,258,256,259,258,259,258,257,256,256,258,256,228,212,209,221,231,240,246,248,239,235,232,224,213,203,188,174,160,147,134,123,113,93,84,72,62,64],""all_points_y"":[152,136,129,134,149,154,144,131,121,112,113,114,107,100,100,105,115,126,139,151,160,169,179,189,202,215,231,239,252,265,279,292,304,303,293,281,264,251,236,234,228,216,206,210,194,180,166,158,141,131,116,101,85,52,56,66,78,83,91,102,115,129,135,128,116,104,91,87,83,81,83,88,94,102,110,110,115,117,109,96]}","{}"
usctimit_mri_m3_011_015_41.png,114134,"{}",1,0,"{""name"":""polyline"",""all_points_x"":[85,79,89,100,108,116,125,125,114,108,122,134,150,164,177,191,203,213,220,225,230,235,231,229,232,230,228,226,224,226,231,239,246,253,260,256,254,253,240,235,231,233,238,248,262,259,259,259,263,264,263,261,266,255,228,209,208,218,228,241,248,245,238,234,232,222,210,198,187,174,160,147,134,122,112,98,84,73,61,64],""all_points_y"":[152,136,128,130,142,151,145,131,123,112,112,115,108,104,104,107,114,125,137,149,160,167,178,189,203,215,227,238,251,264,278,292,306,303,301,277,264,239,243,235,228,219,210,208,214,196,184,169,159,141,123,106,69,54,53,62,76,82,89,103,118,133,134,126,110,99,88,87,83,81,83,88,94,102,111,110,116,118,110,96]}","{}"
usctimit_mri_m3_011_015_42.png,113412,"{}",1,0,"{""name"":""polyline"",""all_points_x"":[86,76,83,97,106,113,121,126,113,109,117,134,148,162,176,189,202,212,220,226,229,234,230,227,230,228,226,224,224,226,229,237,245,249,263,257,253,255,244,231,231,233,239,253,263,262,259,258,257,261,259,259,261,243,220,200,207,220,229,238,244,245,236,236,231,224,211,199,184,170,156,144,131,119,108,96,82,71,65,66],""all_points_y"":[150,136,126,126,139,148,147,133,124,111,113,115,110,107,106,109,116,126,137,150,160,171,183,195,207,217,229,241,255,268,281,295,306,313,307,285,266,248,235,230,224,214,211,211,215,200,183,168,154,139,122,103,58,52,54,63,78,83,88,101,113,131,132,120,111,97,88,87,83,82,84,91,96,104,111,111,117,118,111,99]}","{}"
usctimit_mri_m3_011_015_43.png,111202,"{}",1,0,"{""name"":""polyline"",""all_points_x"":[83,76,77,94,102,107,116,122,118,112,117,131,147,161,175,189,203,214,222,227,231,236,234,229,230,229,229,226,225,226,231,238,246,247,260,256,250,250,253,246,239,238,244,256,266,263,265,261,261,265,264,264,266,252,228,204,207,221,231,239,246,245,236,236,227,218,206,196,182,169,155,142,129,119,109,94,82,71,63,66],""all_points_y"":[150,140,128,123,134,146,150,142,131,122,115,117,111,107,106,108,114,123,135,148,159,169,180,190,202,212,224,236,250,263,277,290,301,307,302,286,268,255,246,230,223,215,209,212,212,188,170,156,142,131,116,94,62,52,52,60,76,83,92,102,116,133,132,120,106,92,89,86,83,83,86,92,98,106,113,114,120,119,111,98]}","{}"
usctimit_mri_m3_011_015_44.png,110001,"{}",1,0,"{""name"":""polyline"",""all_points_x"":[86,77,78,94,101,106,113,120,129,119,114,123,145,158,172,188,204,217,227,233,236,234,237,233,230,230,228,226,226,226,228,233,241,249,255,263,257,253,254,246,239,238,242,249,260,269,264,262,262,261,264,265,260,234,212,203,206,221,232,239,245,245,238,235,230,219,208,195,181,167,154,141,128,118,106,94,82,69,63,68],""all_points_y"":[152,142,132,124,131,141,151,152,138,133,121,116,114,110,108,106,111,121,135,148,160,165,177,187,197,209,220,232,243,255,268,281,294,306,307,303,279,263,251,242,234,222,214,210,213,216,189,172,155,139,120,100,56,54,55,67,77,83,92,105,118,131,131,121,105,96,88,87,83,83,86,92,98,106,112,112,122,120,109,97]}","{}"
usctimit_mri_m3_011_015_45.png,112959,"{}",1,0,"{""name"":""polyline"",""all_points_x"":[85,75,76,85,99,106,110,119,127,117,117,130,144,154,169,185,202,213,222,227,232,237,241,235,232,232,230,228,226,226,229,233,238,245,250,260,260,258,257,255,250,245,251,264,263,262,260,264,263,264,266,266,264,255,231,211,208,221,232,238,245,244,237,234,227,218,208,195,181,166,150,139,127,116,105,94,82,68,63,67],""all_points_y"":[148,140,130,124,127,141,151,151,138,128,119,116,114,109,106,106,110,120,131,143,155,165,175,186,197,208,221,231,241,253,264,275,287,296,304,299,286,275,258,248,241,227,217,216,196,180,167,157,145,127,115,104,84,53,54,62,76,84,94,106,120,130,129,116,107,96,89,85,81,82,85,92,98,107,112,112,122,121,109,99]}","{}"
usctimit_mri_m3_011_015_46.png,111986,"{}",1,0,"{""name"":""polyline"",""all_points_x"":[82,76,75,86,98,105,111,121,124,122,115,115,132,148,168,186,199,211,222,230,234,236,239,236,233,235,234,233,230,229,230,234,238,244,246,260,256,254,254,245,242,241,249,264,262,259,259,258,261,260,261,264,253,235,212,205,208,224,233,239,245,247,239,233,229,220,208,197,183,169,155,142,129,119,108,95,84,72,64,66],""all_points_y"":[153,140,130,124,126,141,151,153,142,134,125,117,115,113,108,106,108,114,122,135,148,160,170,181,191,203,216,228,239,251,263,275,289,300,304,297,280,268,246,240,232,223,214,215,200,186,171,157,147,128,113,74,54,53,55,66,78,85,94,106,118,129,132,125,110,95,86,86,84,83,86,93,98,107,112,112,120,119,110,104]}","{}"
usctimit_mri_m3_011_015_47.png,112671,"{}",1,0,"{""name"":""polyline"",""all_points_x"":[82,75,74,88,100,105,112,118,120,121,114,115,127,148,173,190,205,217,226,231,234,238,241,237,233,233,231,229,228,227,230,234,239,241,247,257,254,251,253,246,241,240,245,253,265,259,259,258,259,257,259,259,266,249,221,207,209,223,233,239,246,246,239,234,229,220,206,195,182,169,155,142,129,119,108,94,83,70,65,66],""all_points_y"":[151,138,128,122,128,143,151,149,140,131,122,115,113,110,106,105,108,114,124,138,151,161,173,183,194,206,218,228,239,250,262,274,285,292,300,296,274,261,243,238,230,221,214,213,213,184,172,155,138,124,110,96,67,56,58,64,76,83,93,104,117,129,129,118,109,97,87,87,83,82,85,91,96,106,111,112,121,120,108,97]}","{}"
usctimit_mri_m3_011_015_48.png,110680,"{}",1,0,"{""name"":""polyline"",""all_points_x"":[83,78,76,86,97,103,110,117,122,124,117,121,139,152,166,180,193,209,220,224,229,235,238,236,231,232,231,229,225,225,226,230,236,244,249,261,258,255,251,251,241,238,241,250,258,265,263,261,262,260,261,262,261,264,225,209,205,218,228,236,242,245,239,235,230,222,209,195,182,168,154,141,128,118,106,93,82,70,63,65],""all_points_y"":[151,139,128,124,127,138,151,155,148,135,121,114,113,111,110,105,104,108,121,134,147,157,170,179,188,200,213,225,235,247,259,271,284,295,304,301,286,271,256,237,235,225,215,212,210,213,188,175,158,142,124,108,83,58,53,59,75,82,91,102,114,128,129,124,111,99,88,85,83,83,86,92,98,107,111,111,122,121,111,98]}","{}"
usctimit_mri_m3_011_015_49.png,108357,"{}",1,0,"{""name"":""polyline"",""all_points_x"":[85,75,72,81,93,102,107,112,120,125,118,122,138,152,166,180,194,207,217,224,229,234,237,238,232,231,229,226,223,223,225,230,236,245,249,258,257,254,251,255,248,242,242,252,264,259,260,260,259,261,262,263,265,256,219,205,199,205,224,234,242,245,239,234,228,221,206,193,182,167,153,141,128,117,107,93,82,68,62,63],""all_points_y"":[150,141,131,123,124,133,144,151,145,131,121,111,111,108,106,104,106,111,120,133,145,157,168,177,186,198,211,224,234,246,258,271,283,294,301,300,291,273,250,245,233,227,218,209,210,186,174,160,146,135,124,112,93,53,53,63,72,77,88,98,111,126,131,119,109,98,87,88,82,81,84,91,97,107,113,114,123,123,112,98]}","{}"
